"film_id","film_title","allowed_rental_days","late_returns","average_delay_days"
548,MAGNIFICENT CHITTY,3,6,5.17
599,MOTHER OLEANDER,3,11,5.09
904,TRAIN BUNCH,3,1,5.00
197,CRUSADE HONEY,4,5,4.80
126,CASUALTIES ENCINO,3,6,4.67
872,SWEET BROTHERHOOD,3,8,4.63
580,MINE TITANS,3,13,4.54
2,ACE GOLDFINGER,3,4,4.50
120,CARIBBEAN LIBERTY,3,6,4.50
21,AMERICAN CIRCUS,3,13,4.46
519,LIBERTY MAGNIFICENT,3,9,4.44
129,CAUSE DATE,3,15,4.40
499,KING EVOLUTION,3,5,4.40
919,TYCOON GATHERING,3,10,4.40
932,VALLEY PACKER,3,10,4.40
750,RUN PACIFIC,3,8,4.38
483,JERICHO MULAN,3,11,4.36
946,VIRTUAL SPOILERS,3,11,4.36
275,EGYPT TENENBAUMS,3,13,4.31
908,TRAP GUYS,3,11,4.27
444,HUSTLER PARTY,3,19,4.26
846,STING PERSONAL,3,13,4.23
891,TIMBERLAND SKY,3,22,4.23
667,PEACH INNOCENT,3,9,4.22
917,TUXEDO MILE,3,9,4.22
656,PAPI NECKLACE,3,5,4.20
953,WAIT CIDER,3,15,4.20
184,CORE SUIT,3,12,4.17
324,FLINTSTONES HAPPINESS,3,12,4.17
82,BLOOD ARGONAUTS,3,7,4.14
811,SMILE EARRING,4,7,4.14
984,WONDERFUL DROP,3,7,4.14
389,GUNFIGHTER MUSSOLINI,3,8,4.13
537,LOVER TRUMAN,3,8,4.13
879,TELEGRAPH VOYAGE,3,24,4.04
9,ALABAMA DEVIL,3,9,4.00
48,BACKLASH UNDEFEATED,3,16,4.00
65,BEHAVIOR RUNAWAY,3,9,4.00
98,BRIGHT ENCOUNTERS,4,7,4.00
101,BROTHERHOOD BLANKET,3,19,4.00
111,CADDYSHACK JEDI,3,9,4.00
113,CALIFORNIA BIRDS,4,6,4.00
168,COMANCHEROS ENEMY,5,1,4.00
175,CONFUSED CANDLES,3,13,4.00
185,COWBOY DOOM,3,2,4.00
216,DAY UNFAITHFUL,3,10,4.00
225,DESTINATION JERK,3,6,4.00
501,KISSING DOLLS,3,12,4.00
507,LADYBUGS ARMAGEDDON,4,3,4.00
541,LUKE MUMMY,5,2,4.00
590,MONEY HAROLD,3,13,4.00
622,NEWSIES STORY,4,4,4.00
662,PATHS CONTROL,3,8,4.00
673,PERSONAL LADYBUGS,3,9,4.00
757,SAGEBRUSH CLUELESS,4,11,4.00
897,TORQUE BOUND,3,16,3.94
109,BUTTERFLY CHOCOLAT,3,24,3.92
678,PICKUP DRIVING,3,13,3.92
865,SUNRISE LEAGUE,3,13,3.92
408,HEAD STRANGER,4,11,3.91
606,MUMMY CREATURES,3,11,3.91
215,DAWN POND,4,10,3.90
854,STRANGERS GRAFFITI,4,10,3.90
306,FEATHERS METAL,3,8,3.88
920,UNBREAKABLE KARATE,3,16,3.88
720,REDEMPTION COMFORTS,3,14,3.86
771,SCORPION APOLLO,3,14,3.86
429,HONEY TIES,3,13,3.85
579,MINDS TRUMAN,3,13,3.85
375,GRAIL FRANKENSTEIN,4,6,3.83
553,MAKER GABLES,4,6,3.83
738,ROCKETEER MOTHER,3,22,3.82
730,RIDGEMONT SUBMARINE,3,26,3.81
71,BILKO ANONYMOUS,3,10,3.80
674,PET HAUNTING,3,5,3.80
888,THIN SAGEBRUSH,5,5,3.80
778,SECRETS PARADISE,3,14,3.79
169,COMFORTS RUSH,3,9,3.78
506,LADY STAGE,4,9,3.78
46,AUTUMN CROW,3,8,3.75
93,BRANNIGAN SUNRISE,4,4,3.75
114,CAMELOT VACATION,3,20,3.75
247,DOWNHILL ENOUGH,3,16,3.75
344,FURY MURDER,3,12,3.75
351,GASLIGHT CRUSADE,4,4,3.75
360,GLASS DYING,4,8,3.75
448,IDAHO LOVE,3,8,3.75
715,RANGE MOONWALKER,3,12,3.75
763,SATISFACTION CONFIDENTIAL,3,12,3.75
189,CREATURES SHAKESPEARE,3,11,3.73
616,NATIONAL STORY,4,7,3.71
991,WORST BANGER,4,7,3.71
873,SWEETHEARTS SUSPECTS,3,19,3.68
60,BEAST HUNCHBACK,3,6,3.67
107,BUNCH MINDS,4,3,3.67
213,DATE SPEED,4,9,3.67
269,EARRING INSTINCT,3,12,3.67
296,EXPRESS LONELY,5,3,3.67
547,MAGIC MALLRATS,3,3,3.67
627,NORTH TEQUILA,4,3,3.67
892,TITANIC BOONDOCK,3,12,3.67
913,TROOPERS METAL,3,9,3.67
304,FARGO GANDHI,3,11,3.64
723,REIGN GENTLEMEN,3,14,3.64
402,HARPER DYING,3,16,3.63
848,STONE FIRE,3,8,3.63
916,TURN STAR,3,8,3.63
292,EXCITEMENT EVE,3,13,3.62
25,ANGELS LIFE,3,15,3.60
137,CHARADE DUFFEL,3,10,3.60
481,JEKYLL FROGMEN,4,10,3.60
572,METROPOLIS COMA,4,15,3.60
586,MOCKINGBIRD HOLLYWOOD,4,10,3.60
601,MOULIN WAKE,4,10,3.60
619,NEIGHBORS CHARADE,3,15,3.60
327,FOOL MOCKINGBIRD,3,17,3.59
434,HORROR REIGN,3,17,3.59
796,SIERRA DIVIDE,3,12,3.58
878,TEEN APOLLO,3,12,3.58
214,DAUGHTER MADIGAN,3,7,3.57
245,DOUBLE WRATH,4,14,3.57
320,FLAMINGOS CONNECTICUT,4,7,3.57
452,ILLUSION AMELIE,4,7,3.57
50,BAKED CLEOPATRA,3,9,3.56
376,GRAPES FURY,4,9,3.56
798,SILVERADO GOLDFINGER,4,9,3.56
480,JEEPERS WEDDING,3,11,3.55
90,BOULEVARD MOB,3,13,3.54
69,BEVERLY OUTLAW,3,15,3.53
242,DOOM DANCING,4,15,3.53
555,MALLRATS UNITED,4,15,3.53
285,ENGLISH BULWORTH,3,21,3.52
116,CANDIDATE PERDITION,4,12,3.50
210,DARKO DORADO,3,8,3.50
238,DOCTOR GRAIL,4,4,3.50
321,FLASH WARS,3,8,3.50
364,GODFATHER DIARY,3,4,3.50
370,GORGEOUS BINGO,4,14,3.50
439,HUNCHBACK IMPOSSIBLE,4,10,3.50
449,IDENTITY LOVER,4,6,3.50
453,IMAGE PRINCESS,3,10,3.50
458,INDIAN LOVE,4,10,3.50
464,INTENTIONS EMPIRE,3,8,3.50
496,KICK SAVANNAH,3,12,3.50
503,KRAMER CHOCOLATE,3,6,3.50
659,PARK CITIZEN,3,6,3.50
853,STRANGER STRANGERS,3,6,3.50
939,VERTIGO NORTHWEST,4,4,3.50
670,PELICAN COMFORTS,4,17,3.47
704,PURE RUNNER,3,13,3.46
759,SALUTE APOLLO,4,11,3.45
415,HIGH ENCINO,3,16,3.44
436,HOURS RAGE,4,9,3.44
460,INNOCENT USUAL,3,18,3.44
531,LOSE INCH,3,16,3.44
578,MILLION ACE,4,9,3.44
382,GRIT CLOCKWORK,3,23,3.43
484,JERK PAYCHECK,3,14,3.43
536,LOVELY JINGLE,3,7,3.43
549,MAGNOLIA FORRESTER,4,7,3.43
564,MASSAGE IMAGE,4,7,3.43
568,MEMENTO ZOOLANDER,4,7,3.43
604,MULAN MOON,4,7,3.43
433,HORN WORKING,4,12,3.42
764,SATURDAY LAMBS,3,19,3.42
366,GOLDFINGER SENSIBILITY,3,17,3.41
966,WEDDING APOLLO,3,17,3.41
85,BONNIE HOLOCAUST,4,5,3.40
470,ISHTAR ROCKETEER,4,5,3.40
517,LESSON CLEOPATRA,3,5,3.40
631,NOVOCAINE FLIGHT,4,10,3.40
653,PANIC CLUB,3,5,3.40
680,PINOCCHIO SIMON,4,10,3.40
705,PURPLE MOVIE,4,5,3.40
728,REUNION WITCHES,3,10,3.40
774,SEARCHERS WAIT,3,10,3.40
876,TARZAN VIDEOTAPE,3,5,3.40
886,THEORY MERMAID,5,5,3.40
936,VANISHING ROCKY,3,10,3.40
990,WORLD LEATHERNECKS,3,5,3.40
736,ROBBERY BRIGHT,4,8,3.38
6,AGENT TRUMAN,3,19,3.37
112,CALENDAR GUNFIGHT,4,11,3.36
142,CHICKEN HELLFIGHTERS,3,14,3.36
575,MIDSUMMER GROUNDHOG,3,14,3.36
583,MISSION ZOOLANDER,3,11,3.36
596,MOONSHINE CABIN,4,11,3.36
30,ANYTHING SAVANNAH,4,6,3.33
179,CONQUERER NUTS,4,6,3.33
236,DIVINE RESURRECTION,4,6,3.33
295,EXPENDABLE STALLION,3,21,3.33
457,INDEPENDENCE HOTEL,5,6,3.33
485,JERSEY SASSY,6,3,3.33
557,MANCHURIAN CURTAIN,5,6,3.33
567,MEET CHOCOLATE,3,9,3.33
647,OUTFIELD MASSACRE,4,12,3.33
700,PRIX UNDEFEATED,4,3,3.33
816,SNOWMAN ROLLERCOASTER,3,15,3.33
901,TRACY CIDER,3,18,3.33
974,WILD APOLLO,4,3,3.33
1000,ZORRO ARK,3,18,3.33
852,STRANGELOVE DESIRE,4,19,3.32
267,EAGLES PANKY,4,13,3.31
861,SUIT WALLS,3,13,3.31
287,ENTRAPMENT SATISFACTION,5,10,3.30
529,LONELY ELEPHANT,3,10,3.30
818,SOMETHING DUCK,4,10,3.30
104,BUGSY SONG,4,7,3.29
791,SHOW LORD,3,14,3.29
973,WIFE TURN,3,21,3.29
734,ROAD ROXANNE,4,11,3.27
40,ARMY FLINTSTONES,4,8,3.25
204,DALMATIONS SWEDEN,4,12,3.25
227,DETAILS PACKER,4,12,3.25
237,DIVORCE SHINING,3,4,3.25
345,GABLES METROPOLIS,3,12,3.25
390,GUYS FALCON,4,4,3.25
489,JUGGLER HARDLY,4,20,3.25
650,PACIFIC AMISTAD,3,12,3.25
698,PRINCESS GIANT,3,20,3.25
733,RIVER OUTLAW,4,12,3.25
779,SENSE GREEK,4,4,3.25
799,SIMON NORTH,3,4,3.25
842,STATE WASTELAND,4,8,3.25
889,TIES HUNGER,3,8,3.25
925,UNITED PILOT,3,12,3.25
985,WONDERLAND CHRISTMAS,4,12,3.25
37,ARIZONA BANG,3,13,3.23
243,DOORS PRESIDENT,3,9,3.22
308,FERRIS MOTHER,3,9,3.22
625,NONE SPIKING,3,18,3.22
17,ALONE TRIP,3,14,3.21
870,SWARM GOLD,4,14,3.21
971,WHALE BIKINI,4,14,3.21
163,CLYDE THEORY,4,5,3.20
461,INSECTS STONE,3,5,3.20
737,ROCK INSTINCT,4,10,3.20
26,ANNIE IDENTITY,3,12,3.17
162,CLUELESS BUCKET,4,12,3.17
266,DYNAMITE TARZAN,4,12,3.17
314,FIGHT JAWBREAKER,3,12,3.17
392,HALL CASSIDY,5,6,3.17
414,HELLFIGHTERS SIERRA,3,12,3.17
463,INSTINCT AIRPORT,4,6,3.17
482,JEOPARDY ENCINO,3,6,3.17
528,LOLITA WORLD,4,6,3.17
542,LUST LOCK,3,6,3.17
840,STAMPEDE DISTURBING,5,6,3.17
851,STRAIGHT HOURS,3,12,3.17
893,TITANS JERK,4,18,3.17
241,DONNIE ALLEY,4,7,3.14
432,HOPE TOOTSIE,4,7,3.14
365,GOLD RIVER,4,8,3.13
710,RAGE GAMES,4,8,3.13
896,TOOTSIE PILOT,3,8,3.13
969,WEST LION,4,8,3.13
257,DRUMLINE CYCLONE,3,9,3.11
739,ROCKY WAR,4,9,3.11
906,TRAMP OTHERS,4,9,3.11
260,DUDE BLINDNESS,3,10,3.10
930,VACATION BOONDOCK,4,11,3.09
964,WATERFRONT DELIVERANCE,4,12,3.08
274,EGG IGBY,4,14,3.07
403,HARRY IDAHO,5,15,3.07
20,AMELIE HELLFIGHTERS,4,6,3.00
59,BEAR GRACELAND,4,14,3.00
73,BINGO TALENTED,5,15,3.00
75,BIRD INDEPENDENCE,6,3,3.00
102,BUBBLE GROSSE,4,2,3.00
106,BULWORTH COMMANDMENTS,4,4,3.00
121,CAROL TEXAS,4,10,3.00
138,CHARIOTS CONSPIRACY,5,3,3.00
234,DISTURBING SCARFACE,6,4,3.00
310,FEVER EMPIRE,5,3,3.00
347,GAMES BOWFINGER,7,1,3.00
350,GARDEN ISLAND,3,15,3.00
371,GOSFORD DONNIE,5,3,3.00
407,HAWK CHILL,5,3,3.00
416,HIGHBALL POTTER,6,4,3.00
417,HILLS NEIGHBORS,5,16,3.00
502,KNOCK WARLOCK,4,15,3.00
512,LEAGUE HELLFIGHTERS,5,7,3.00
582,MIRACLE VIRTUAL,3,6,3.00
593,MONTEREY LABYRINTH,6,3,3.00
597,MOONWALKER FOOL,5,8,3.00
620,NEMO CAMPUS,5,6,3.00
626,NOON PAPI,5,6,3.00
651,PACKER MADIGAN,3,13,3.00
654,PANKY SUBMARINE,4,12,3.00
696,PRIDE ALAMO,6,1,3.00
746,ROUGE SQUAD,3,12,3.00
762,SASSY PACKER,6,1,3.00
781,SEVEN SWARM,4,2,3.00
806,SLEEPY JAPANESE,4,11,3.00
808,SLING LUKE,5,3,3.00
819,SONG HEDWIG,3,8,3.00
820,SONS INTERVIEW,3,10,3.00
823,SOUTH WAIT,4,14,3.00
857,STRICTLY SCARFACE,3,15,3.00
877,TAXI KICK,4,6,3.00
910,TREATMENT JEKYLL,3,2,3.00
928,UPTOWN YOUNG,5,1,3.00
929,USUAL UNTOUCHABLES,5,2,3.00
938,VELVET TERMINATOR,3,16,3.00
947,VISION TORQUE,5,3,3.00
972,WHISPERER GIANT,4,14,3.00
977,WINDOW SIDE,3,8,3.00
978,WISDOM WORKER,3,7,3.00
491,JUMPING WRATH,4,19,2.95
641,ORANGE GRAPES,4,15,2.93
363,GO PURPLE,3,12,2.92
589,MODERN DORADO,3,12,2.92
987,WORDS HUNTER,3,12,2.92
127,CAT CONEHEADS,5,11,2.91
388,GUNFIGHT MOON,5,11,2.91
544,MADISON TRAP,4,11,2.91
898,TOURIST PELICAN,4,11,2.91
447,ICE CROSSING,5,10,2.90
533,LOST BIRD,4,10,2.90
574,MIDNIGHT WESTWARD,3,10,2.90
577,MILE MULAN,4,10,2.90
618,NECKLACE OUTBREAK,3,10,2.90
682,PITTSBURGH HUNCHBACK,4,10,2.90
753,RUSH GOODFELLAS,3,20,2.90
346,GALAXY SWEETHEARTS,4,9,2.89
369,GOODFELLAS SALUTE,4,19,2.89
374,GRAFFITI LOVE,3,18,2.89
657,PARADISE SABRINA,5,9,2.89
744,ROOTS REMEMBER,4,9,2.89
151,CINCINATTI WHISPERER,5,8,2.88
233,DISCIPLE MOTHER,3,8,2.88
488,JOON NORTHWEST,3,8,2.88
982,WOMEN DORADO,4,8,2.88
999,ZOOLANDER FICTION,5,8,2.88
23,ANACONDA CONFESSIONS,3,14,2.86
277,ELEPHANT TROJAN,4,7,2.86
311,FICTION CHRISTMAS,4,14,2.86
527,LOLA AGENT,4,14,2.86
570,MERMAID INSECTS,5,7,2.86
617,NATURAL STOCK,4,7,2.86
636,OLEANDER CLUE,5,7,2.86
711,RAGING AIRPLANE,4,7,2.86
832,SPLASH GUMP,5,7,2.86
933,VAMPIRE WHALE,4,7,2.86
358,GILMORE BOILED,5,13,2.85
68,BETRAYED REAR,5,6,2.83
226,DESTINY SATURDAY,4,6,2.83
250,DRAGON SQUAD,4,6,2.83
313,FIDELITY DEVIL,5,12,2.83
581,MINORITY KISS,4,6,2.83
760,SAMURAI LION,5,12,2.83
768,SCARFACE BANG,3,11,2.82
57,BASIC EASY,4,10,2.80
170,COMMAND DARLING,5,10,2.80
228,DETECTIVE VISION,4,15,2.80
244,DORADO NOTTING,5,15,2.80
398,HANOVER GALAXY,5,5,2.80
462,INSIDER ARIZONA,5,5,2.80
655,PANTHER REDS,5,5,2.80
858,SUBMARINE BED,5,5,2.80
301,FAMILY SWEET,4,14,2.79
397,HANKY OCTOBER,5,14,2.79
15,ALIEN CENTER,5,9,2.78
322,FLATLINERS KILLER,5,9,2.78
135,CHANCE RESURRECTION,3,22,2.77
438,HUMAN GRAFFITI,3,13,2.77
494,KARATE MOON,4,13,2.77
341,FROST HEAD,5,17,2.76
702,PULP BEVERLY,4,17,2.76
16,ALLEY EVOLUTION,6,4,2.75
28,ANTHEM LUKE,5,4,2.75
42,ARTIST COLDBLOODED,5,8,2.75
77,BIRDS PERDITION,5,8,2.75
147,CHOCOLAT HARRY,5,12,2.75
219,DEEP CRUSADE,6,4,2.75
445,HYDE DOCTOR,5,8,2.75
551,MAIDEN HOME,3,16,2.75
602,MOURNING PURPLE,5,8,2.75
614,NAME DETECTIVE,5,8,2.75
793,SHRUNK DIVINE,6,4,2.75
805,SLEEPLESS MONSOON,5,8,2.75
815,SNATCHERS MONTEZUMA,4,4,2.75
867,SUPER WYOMING,5,8,2.75
881,TEMPLE ATTRACTION,5,4,2.75
975,WILLOW TRACY,6,4,2.75
997,YOUTH KICK,4,4,2.75
643,ORIENT CLOSER,3,11,2.73
199,CUPBOARD SINNERS,4,14,2.71
588,MODEL FISH,4,7,2.71
907,TRANSLATION SUMMER,4,7,2.71
963,WATCH TRACY,5,7,2.71
45,ATTRACTION NEWTON,5,10,2.70
552,MAJESTIC FLOATS,5,10,2.70
843,STEEL SANTA,4,10,2.70
152,CIRCUS YOUTH,5,6,2.67
156,CLERKS ANGELS,3,6,2.67
203,DAISY MENAGERIE,5,6,2.67
246,DOUBTFIRE LABYRINTH,5,3,2.67
254,DRIVER ANNIE,4,6,2.67
262,DUMBO LUST,5,3,2.67
283,ENDING CROWDS,6,3,2.67
299,FACTORY DRAGON,4,6,2.67
317,FIREBALL PHILADELPHIA,4,15,2.67
349,GANGS PRIDE,4,12,2.67
372,GRACELAND DYNAMITE,5,3,2.67
473,JACKET FRISCO,5,9,2.67
661,PAST SUICIDES,5,3,2.67
740,ROLLERCOASTER BRINGING,5,6,2.67
745,ROSES TREASURE,5,12,2.67
758,SAINTS BRIDE,5,3,2.67
824,SPARTACUS CHEAPER,4,6,2.67
841,STAR OPERATION,5,9,2.67
856,STREETCAR INTENTIONS,5,9,2.67
868,SUPERFLY TRIP,5,3,2.67
624,NIGHTMARE CHILL,3,17,2.65
239,DOGMA FAMILY,5,11,2.64
476,JASON TRAP,5,11,2.64
134,CHAMPION FLATLINERS,4,8,2.63
282,ENCOUNTERS CURTAIN,5,8,2.63
708,QUILLS BULL,4,8,2.63
995,YENTL IDAHO,5,8,2.63
115,CAMPUS REMEMBER,5,13,2.62
329,FORREST SONS,4,13,2.62
665,PATTON INTERVIEW,4,13,2.62
941,VIDEOTAPE ARSENIC,4,13,2.62
67,BERETS AGENT,5,5,2.60
124,CASPER DRAGONFLY,3,5,2.60
177,CONNECTICUT TRAMP,4,10,2.60
190,CREEPERS KANE,5,5,2.60
722,REEF SALUTE,5,5,2.60
986,WONKA SEA,6,5,2.60
361,GLEAMING JAWBREAKER,5,19,2.58
406,HAUNTING PIANIST,5,12,2.58
545,MADNESS ATTACKS,4,19,2.58
623,NEWTON LABYRINTH,4,12,2.58
205,DANCES NONE,3,7,2.57
395,HANDICAP BOONDOCK,4,14,2.57
431,HOOSIERS BIRDCAGE,3,7,2.57
600,MOTIONS DETAILS,5,7,2.57
895,TOMORROW HUSTLER,3,14,2.57
980,WIZARD COLDBLOODED,4,7,2.57
61,BEAUTY GREASE,5,9,2.56
356,GIANT TROOPERS,5,9,2.56
585,MOB DUFFEL,4,9,2.56
864,SUNDANCE INVASION,5,9,2.56
945,VIRGINIAN PLUTO,5,9,2.56
418,HOBBIT ALIEN,5,20,2.55
409,HEARTBREAKERS BRIGHT,3,13,2.54
35,ARACHNOPHOBIA ROLLERCOASTER,4,17,2.53
775,SEATTLE EXPECATIONS,4,17,2.53
13,ALI FOREVER,4,4,2.50
34,ARABIA DOGMA,6,4,2.50
39,ARMAGEDDON LOST,5,10,2.50
51,BALLOON HOMEWARD,5,12,2.50
74,BIRCH ANTITRUST,4,8,2.50
76,BIRDCAGE CASPER,4,6,2.50
95,BREAKFAST GOLDFINGER,5,10,2.50
160,CLUB GRAFFITI,4,10,2.50
183,CONVERSATION DOWNHILL,4,12,2.50
193,CROSSROADS CASUALTIES,5,6,2.50
263,DURHAM PANKY,6,6,2.50
278,ELF MURDER,4,2,2.50
297,EXTRAORDINARY CONQUERER,6,2,2.50
309,FEUD FROGMEN,6,6,2.50
312,FIDDLER LOST,4,6,2.50
328,FOREVER CANDIDATE,7,2,2.50
399,HAPPINESS UNITED,6,2,2.50
425,HOLY TADPOLE,6,4,2.50
441,HUNTER ALTER,5,4,2.50
522,LIFE TWISTED,4,6,2.50
543,MADIGAN DORADO,5,4,2.50
613,MYSTIC TRUMAN,5,4,2.50
615,NASH CHOCOLAT,6,8,2.50
689,POLLOCK DELIVERANCE,5,6,2.50
716,REAP UNFAITHFUL,6,6,2.50
751,RUNAWAY TENENBAUMS,6,2,2.50
787,SHINING ROSES,4,6,2.50
809,SLIPPER FIDELITY,5,6,2.50
884,TERMINATOR CLUB,5,4,2.50
948,VOICE PEACH,6,6,2.50
772,SEA VIRGIN,4,13,2.46
810,SLUMS DUCK,5,13,2.46
91,BOUND CHEAPER,5,11,2.45
298,EYES DRIVING,4,11,2.45
44,ATTACKS HATE,5,9,2.44
83,BLUES INSTINCT,5,9,2.44
253,DRIFTER COMMANDMENTS,5,9,2.44
666,PAYCHECK WAIT,4,9,2.44
10,ALADDIN CALENDAR,6,7,2.43
300,FALCON VOLUME,5,7,2.43
315,FINDING ANACONDA,4,7,2.43
319,FISH OPUS,4,14,2.43
766,SAVANNAH TOWN,5,7,2.43
837,STAGE WORLD,4,7,2.43
273,EFFECT GLADIATOR,6,12,2.42
465,INTERVIEW LIAISONS,4,12,2.42
621,NETWORK PEAK,5,17,2.41
748,RUGRATS SHAKESPEARE,4,17,2.41
222,DESERT POSEIDON,4,10,2.40
271,EASY GLADIATOR,5,15,2.40
284,ENEMY ODDS,5,15,2.40
290,EVERYONE CRAFT,4,5,2.40
305,FATAL HAUNTED,6,10,2.40
383,GROOVE FICTION,6,10,2.40
683,PITY BOUND,5,10,2.40
926,UNTOUCHABLES SUNRISE,5,5,2.40
191,CROOKED FROGMEN,6,8,2.38
862,SUMMER SCARFACE,5,8,2.38
110,CABIN FLASH,4,11,2.36
159,CLOSER BANG,5,14,2.36
807,SLEUTH ORIENT,4,14,2.36
54,BANGER PINOCCHIO,5,9,2.33
58,BEACH HEARTBREAKERS,6,6,2.33
62,BED HIGHBALL,5,3,2.33
66,BENEATH RUSH,6,3,2.33
81,BLINDNESS GUN,6,3,2.33
194,CROW GREASE,6,3,2.33
251,DRAGONFLY STRANGERS,6,6,2.33
268,EARLY HOME,6,3,2.33
294,EXPECATIONS NATURAL,5,9,2.33
339,FROGMEN BREAKING,5,3,2.33
352,GATHERING CALENDAR,4,6,2.33
384,GROSSE WONDERFUL,5,3,2.33
411,HEAVENLY GUN,5,3,2.33
490,JUMANJI BLADE,4,3,2.33
492,JUNGLE CLOSER,6,3,2.33
504,KWAI HOMEWARD,5,12,2.33
556,MALTESE HOPE,6,6,2.33
560,MARS ROMAN,6,6,2.33
681,PIRATES ROXANNE,4,12,2.33
703,PUNK DIVORCE,6,3,2.33
752,RUNNER MADIGAN,6,3,2.33
783,SHANE DARKNESS,5,6,2.33
836,SQUAD FISH,3,3,2.33
871,SWEDEN SHINING,6,9,2.33
890,TIGHTS DAWN,5,15,2.33
967,WEEKEND PERSONAL,5,9,2.33
525,LOATHING LEGALLY,4,16,2.31
4,AFFAIR PREJUDICE,5,10,2.30
500,KISS GLORY,5,10,2.30
777,SECRETARY ROUGE,5,10,2.30
252,DREAM PICKUP,6,7,2.29
535,LOVE SUICIDES,6,7,2.29
608,MURDER ANTITRUST,6,7,2.29
691,POSEIDON FOREVER,6,7,2.29
729,RIDER CADDYSHACK,5,7,2.29
827,SPICE SORORITY,5,7,2.29
989,WORKING MICROCOSMOS,4,17,2.29
450,IDOLS SNATCHERS,5,11,2.27
118,CANYON STOCK,7,4,2.25
131,CENTER DINOSAUR,5,8,2.25
145,CHISUM BEHAVIOR,5,4,2.25
176,CONGENIALITY QUEST,6,8,2.25
272,EDGE KISSING,5,8,2.25
336,FRENCH HOLIDAY,5,8,2.25
424,HOLOCAUST HIGHBALL,6,4,2.25
442,HUNTING MUSKETEERS,6,4,2.25
467,INTRIGUE WORST,6,8,2.25
472,ITALIAN AFRICAN,3,4,2.25
474,JADE BUNCH,6,4,2.25
509,LANGUAGE COWBOY,5,4,2.25
558,MANNEQUIN WORST,3,4,2.25
632,NUTS TIES,5,4,2.25
633,OCTOBER SUBMARINE,6,4,2.25
686,PLUTO OLEANDER,5,4,2.25
706,QUEEN LUKE,5,12,2.25
707,QUEST MUSSOLINI,5,8,2.25
770,SCISSORHANDS SLUMS,5,4,2.25
794,SIDE ARK,5,8,2.25
935,VANISHED GARDEN,5,4,2.25
863,SUN CONFESSIONS,5,13,2.23
303,FANTASY TROOPERS,6,9,2.22
724,REMEMBER DIARY,5,9,2.22
912,TROJAN TOMORROW,3,9,2.22
18,ALTER VICTORY,6,5,2.20
143,CHILL LUCK,6,5,2.20
166,COLOR PHILADELPHIA,6,10,2.20
255,DRIVING POLISH,6,5,2.20
337,FRIDA SLIPPER,6,5,2.20
478,JAWS HARRY,4,10,2.20
518,LIAISONS SWEET,5,10,2.20
598,MOSQUITO ARMAGEDDON,6,5,2.20
640,OPUS ICE,5,5,2.20
693,POTTER CONNECTICUT,5,10,2.20
749,RULES HUMAN,6,10,2.20
755,SABRINA MIDNIGHT,5,10,2.20
844,STEERS ARMAGEDDON,6,5,2.20
869,SUSPECTS QUILLS,4,20,2.20
649,OZ LIAISONS,4,11,2.18
56,BAREFOOT MANCHURIAN,6,6,2.17
96,BREAKING HOME,4,6,2.17
132,CHAINSAW UPTOWN,6,6,2.17
561,MASK PEACH,6,6,2.17
652,PAJAMA JAWBREAKER,3,12,2.17
960,WARS PLUTO,5,6,2.17
628,NORTHWEST POLISH,5,13,2.15
119,CAPER MOTIONS,6,7,2.14
291,EVOLUTION ALTER,5,7,2.14
354,GHOST GROUNDHOG,6,7,2.14
302,FANTASIA PARK,5,8,2.13
524,LION UNCUT,6,8,2.13
692,POTLUCK MIXED,3,8,2.13
782,SHAKESPEARE SADDLE,6,8,2.13
880,TELEMARK HEARTBREAKERS,6,8,2.13
396,HANGING DEEP,5,9,2.11
859,SUGAR WONKA,3,10,2.10
378,GREATEST NORTH,5,11,2.09
468,INVASION CYCLONE,5,11,2.09
887,THIEF PELICAN,5,11,2.09
571,METAL ARMAGEDDON,6,14,2.07
331,FORWARD TEMPLE,6,16,2.06
3,ADAPTATION HOLES,7,1,2.00
7,AIRPLANE SIERRA,6,4,2.00
29,ANTITRUST TOMATOES,5,4,2.00
31,APACHE DIVINE,5,12,2.00
43,ATLANTIS CAUSE,6,8,2.00
47,BABY HALL,5,3,2.00
89,BORROWERS BEDAZZLED,7,3,2.00
92,BOWFINGER GABLES,7,1,2.00
94,BRAVEHEART HUMAN,7,1,2.00
139,CHASING FIGHT,7,8,2.00
141,CHICAGO NORTH,6,5,2.00
161,CLUE GRAIL,6,3,2.00
164,COAST RAINBOW,4,11,2.00
173,CONFESSIONS MAGUIRE,7,3,2.00
178,CONNECTION MICROCOSMOS,6,2,2.00
180,CONSPIRACY SPIRIT,4,1,2.00
182,CONTROL ANTHEM,7,1,2.00
187,CRANES RESERVOIR,5,5,2.00
209,DARKNESS WAR,6,5,2.00
223,DESIRE ALIEN,7,1,2.00
224,DESPERATE TRAINSPOTTING,7,1,2.00
256,DROP WATERFRONT,6,2,2.00
258,DRUMS DYNAMITE,6,6,2.00
259,DUCK RACER,4,3,2.00
279,ELIZABETH SHANE,7,1,2.00
289,EVE RESURRECTION,5,3,2.00
293,EXORCIST STING,6,7,2.00
326,FLYING HOOK,6,12,2.00
333,FREAKY POCUS,7,1,2.00
340,FRONTIER CABIN,6,3,2.00
342,FUGITIVE MAGUIRE,7,1,2.00
343,FULL FLATLINERS,6,1,2.00
367,GOLDMINE TYCOON,6,11,2.00
368,GONE TROUBLE,7,3,2.00
377,GREASE YOUTH,7,4,2.00
379,GREEDY ROOTS,7,1,2.00
400,HARDLY ROBBERS,7,2,2.00
401,HAROLD FRENCH,6,1,2.00
405,HAUNTED ANTITRUST,6,1,2.00
413,HEDWIG ALTER,7,1,2.00
426,HOME PITY,7,5,2.00
427,HOMEWARD CIDER,5,4,2.00
443,HURRICANE AFFAIR,6,7,2.00
475,JAPANESE RUN,6,1,2.00
477,JAWBREAKER BROOKLYN,5,1,2.00
508,LAMBS CINCINATTI,6,4,2.00
515,LEGALLY SECRETARY,7,1,2.00
520,LICENSE WEEKEND,7,1,2.00
530,LORD ARIZONA,5,5,2.00
563,MASSACRE USUAL,6,15,2.00
566,MAUDE MOD,6,2,2.00
584,MIXED DOORS,6,2,2.00
591,MONSOON CAUSE,6,5,2.00
603,MOVIE SHAKESPEARE,6,8,2.00
609,MUSCLE BRIGHT,7,3,2.00
611,MUSKETEERS WAIT,7,4,2.00
660,PARTY KNOCK,7,3,2.00
675,PHANTOM GLORY,6,2,2.00
684,PIZZA JUMANJI,4,4,2.00
694,PREJUDICE OLEANDER,6,8,2.00
695,PRESIDENT BANG,6,3,2.00
699,PRIVATE DROP,7,1,2.00
717,REAR TRADING,6,8,2.00
725,REQUIEM TYCOON,6,8,2.00
732,RINGS HEARTBREAKERS,5,10,2.00
769,SCHOOL JACKET,5,3,2.00
773,SEABISCUIT PUNK,6,9,2.00
784,SHANGHAI TYCOON,7,1,2.00
790,SHOOTIST SUPERFLY,6,7,2.00
792,SHREK LICENSE,7,1,2.00
800,SINNERS ATLANTIS,7,4,2.00
804,SLEEPING SUSPECTS,7,6,2.00
814,SNATCH SLIPPER,6,9,2.00
817,SOLDIERS EVOLUTION,7,1,2.00
821,SORORITY QUEEN,6,4,2.00
825,SPEAKEASY DATE,6,5,2.00
833,SPLENDOR PATTON,5,10,2.00
847,STOCK GLASS,7,2,2.00
882,TENENBAUMS COMMAND,4,4,2.00
894,TOMATOES HELLFIGHTERS,6,3,2.00
899,TOWERS HURRICANE,7,1,2.00
900,TOWN ARK,6,4,2.00
905,TRAINSPOTTING STRANGERS,7,2,2.00
918,TWISTED PIRATES,4,6,2.00
934,VANILLA DAY,7,4,2.00
942,VIETNAM SMOOCHY,7,4,2.00
959,WARLOCK WEREWOLF,6,2,2.00
965,WATERSHIP FRONTIER,6,4,2.00
976,WIND PHANTOM,6,8,2.00
981,WOLVES DESIRE,7,2,2.00
992,WRATH MILE,5,5,2.00
998,ZHIVAGO CORE,6,3,2.00
206,DANCING FEVER,6,15,1.93
838,STAGECOACH ARMAGEDDON,5,13,1.92
902,TRADING PINOCCHIO,6,12,1.92
979,WITCHES PANIC,6,11,1.91
140,CHEAPER CLYDE,6,9,1.89
391,HALF OUTFIELD,6,9,1.89
646,OUTBREAK DIVINE,6,9,1.89
412,HEAVYWEIGHTS BEAST,6,8,1.88
747,ROXANNE REBEL,5,8,1.88
785,SHAWSHANK BUBBLE,6,8,1.88
949,VOLCANO TEXAS,6,8,1.88
19,AMADEUS HOLY,6,7,1.86
353,GENTLEMEN STAGE,6,7,1.86
385,GROUNDHOG UNCUT,6,7,1.86
446,HYSTERICAL GRAIL,5,7,1.86
534,LOUISIANA HARRY,5,7,1.86
677,PIANIST OUTFIELD,6,7,1.86
927,UPRISING UPTOWN,6,7,1.86
958,WARDROBE PHANTOM,6,7,1.86
55,BARBARELLA STREETCAR,6,12,1.83
72,BILL OTHERS,6,6,1.83
154,CLASH FREDDY,6,6,1.83
645,OTHERS SOUP,7,6,1.83
834,SPOILERS HELLFIGHTERS,4,6,1.83
875,TALENTED HOMICIDE,6,6,1.83
174,CONFIDENTIAL INTERVIEW,6,11,1.82
153,CITIZEN SHREK,7,5,1.80
158,CLONES PINOCCHIO,6,5,1.80
229,DEVIL DESIRE,6,5,1.80
265,DYING MAKER,5,5,1.80
281,ENCINO ELF,6,5,1.80
357,GILBERT PELICAN,7,5,1.80
428,HOMICIDE PEACH,6,5,1.80
559,MARRIED GO,7,5,1.80
634,ODDS BOOGIE,6,5,1.80
644,OSCAR GOLD,7,5,1.80
849,STORM HAPPINESS,6,10,1.80
855,STREAK RIDGEMONT,7,5,1.80
952,WAGON JAWS,7,5,1.80
5,AFRICAN EGG,6,9,1.78
24,ANALYZE HOOSIERS,6,8,1.75
49,BADMAN DAWN,6,8,1.75
70,BIKINI BORROWERS,7,8,1.75
79,BLADE POLISH,5,8,1.75
86,BOOGIE AMELIE,6,8,1.75
117,CANDLES GRAPES,6,8,1.75
201,CYCLONE FAMILY,7,4,1.75
207,DANGEROUS UPTOWN,7,4,1.75
276,ELEMENT FREDDY,6,4,1.75
381,GRINCH MASSAGE,7,4,1.75
493,KANE EXORCIST,5,4,1.75
510,LAWLESS VISION,6,4,1.75
513,LEATHERNECKS DWARFS,6,4,1.75
532,LOSER HUSTLER,5,8,1.75
550,MAGUIRE APACHE,6,4,1.75
587,MOD SECRETARY,6,4,1.75
592,MONSTER SPARTACUS,6,4,1.75
835,SPY MILE,6,8,1.75
951,VOYAGE LEGALLY,6,12,1.75
12,ALASKA PHANTOM,6,11,1.73
99,BRINGING HYSTERICAL,7,7,1.71
100,BROOKLYN DESERT,7,7,1.71
270,EARTH VISION,7,7,1.71
330,FORRESTER COMANCHEROS,7,7,1.71
776,SECRET GROUNDHOG,6,7,1.71
850,STORY SIDE,7,7,1.71
146,CHITTY LOCK,6,3,1.67
186,CRAFT OUTFIELD,6,3,1.67
211,DARLING BREAKING,7,3,1.67
218,DECEIVER BETRAYED,7,3,1.67
235,DIVIDE MONSTER,6,3,1.67
264,DWARFS ALTER,6,3,1.67
280,EMPIRE MALKOVICH,7,6,1.67
307,FELLOWSHIP AUTUMN,6,12,1.67
316,FIRE WOLVES,5,3,1.67
430,HOOK CHARIOTS,7,3,1.67
455,IMPOSSIBLE PREJUDICE,7,3,1.67
466,INTOLERABLE INTENTIONS,6,3,1.67
516,LEGEND JEDI,7,3,1.67
658,PARIS WEEKEND,7,3,1.67
679,PILOT HOOSIERS,6,6,1.67
697,PRIMARY GLASS,7,6,1.67
714,RANDOM GO,6,3,1.67
743,ROOM ROMAN,7,6,1.67
789,SHOCK CABIN,7,6,1.67
822,SOUP WISDOM,6,3,1.67
826,SPEED SUIT,7,3,1.67
845,STEPMOM DREAM,7,3,1.67
866,SUNSET RACER,6,3,1.67
922,UNDEFEATED DALMATIONS,7,6,1.67
931,VALENTINE VANISHING,7,3,1.67
687,POCUS PULP,6,11,1.64
200,CURTAIN VIDEOTAPE,7,8,1.63
220,DEER VIRGINIAN,7,8,1.63
387,GUN BONNIE,7,8,1.63
521,LIES TREATMENT,7,8,1.63
735,ROBBERS JOON,7,8,1.63
767,SCALAWAG DUCK,6,8,1.63
22,AMISTAD MIDSUMMER,6,5,1.60
149,CHRISTMAS MOONSHINE,7,5,1.60
167,COMA HEAD,6,5,1.60
421,HOLIDAY GAMES,7,5,1.60
471,ISLAND EXORCIST,7,5,1.60
514,LEBOWSKI SOLDIERS,6,5,1.60
538,LOVERBOY ATTACKS,7,5,1.60
573,MICROCOSMOS PARADISE,6,5,1.60
664,PATRIOT ROMAN,6,5,1.60
690,POND SEATTLE,7,5,1.60
721,REDS POCUS,7,5,1.60
786,SHEPHERD MIDSUMMER,7,5,1.60
924,UNFORGIVEN ZOOLANDER,7,5,1.60
994,WYOMING STORM,6,5,1.60
1,ACADEMY DINOSAUR,6,7,1.57
78,BLACKOUT PRIVATE,7,7,1.57
103,BUCKET BROTHERHOOD,7,7,1.57
202,DADDY PITTSBURGH,5,7,1.57
232,DIRTY ACE,7,7,1.57
914,TROUBLE DATE,6,9,1.56
11,ALAMO VIDEOTAPE,6,8,1.50
52,BALLROOM MOCKINGBIRD,6,2,1.50
64,BEETHOVEN EXORCIST,6,4,1.50
84,BOILED DARES,7,2,1.50
97,BRIDE INTRIGUE,7,2,1.50
105,BULL SHAWSHANK,6,4,1.50
122,CARRIE BUNCH,7,8,1.50
123,CASABLANCA SUPER,6,2,1.50
125,CASSIDY WYOMING,5,4,1.50
130,CELEBRITY HORN,7,6,1.50
133,CHAMBER ITALIAN,7,4,1.50
288,ESCAPE METROPOLIS,7,4,1.50
323,FLIGHT LIES,7,6,1.50
338,FRISCO FORREST,6,6,1.50
348,GANDHI KWAI,7,4,1.50
393,HALLOWEEN NUTS,6,4,1.50
420,HOLES BRANNIGAN,7,4,1.50
437,HOUSE DYNAMITE,7,4,1.50
454,IMPACT ALADDIN,6,8,1.50
456,INCH JET,6,4,1.50
459,INFORMER DOUBLE,4,2,1.50
479,JEDI BENEATH,7,2,1.50
487,JINGLE SAGEBRUSH,6,4,1.50
505,LABYRINTH LEAGUE,6,2,1.50
511,LAWRENCE LOVE,7,2,1.50
562,MASKED BUBBLE,6,4,1.50
576,MIGHTY LUCK,7,2,1.50
594,MONTEZUMA COMMAND,6,2,1.50
629,NOTORIOUS REUNION,7,8,1.50
637,OPEN AFRICAN,7,6,1.50
663,PATIENT SISTER,7,4,1.50
731,RIGHT CRANES,7,2,1.50
741,ROMAN PUNK,7,4,1.50
765,SATURN NAME,7,4,1.50
780,SENSIBILITY REAR,7,2,1.50
788,SHIP WONDERLAND,5,2,1.50
813,SMOOCHY CONTROL,7,2,1.50
828,SPIKING ELEMENT,7,2,1.50
831,SPIRITED CASUALTIES,5,6,1.50
883,TEQUILA PAST,6,2,1.50
923,UNFAITHFUL KILL,7,2,1.50
944,VIRGIN DAISY,6,6,1.50
957,WAR NOTTING,7,4,1.50
968,WEREWOLF LOLA,6,6,1.50
970,WESTWARD SEABISCUIT,7,8,1.50
988,WORKER TARZAN,7,4,1.50
8,AIRPORT POLLOCK,6,9,1.44
155,CLEOPATRA DEVIL,6,9,1.44
165,COLDBLOODED DARLING,7,7,1.43
440,HUNGER ROOF,6,7,1.43
486,JET NEIGHBORS,7,7,1.43
595,MOON BUNCH,7,7,1.43
554,MALKOVICH PET,6,5,1.40
672,PERFECT GROOVE,7,5,1.40
688,POLISH BROOKLYN,6,5,1.40
803,SLACKER LIAISONS,7,5,1.40
915,TRUMAN CRAZY,7,5,1.40
956,WANDA CHAMBER,7,5,1.40
231,DINOSAUR SECRETARY,7,8,1.38
546,MADRE GABLES,7,8,1.38
172,CONEHEADS SMOOCHY,7,9,1.33
181,CONTACT ANONYMOUS,7,6,1.33
212,DARN FORRESTER,7,3,1.33
240,DOLLS RAGE,7,3,1.33
249,DRACULA CRYSTAL,7,3,1.33
286,ENOUGH RAGING,7,3,1.33
334,FREDDY STORM,6,9,1.33
498,KILLER INNOCENT,7,3,1.33
630,NOTTING SPEAKEASY,7,3,1.33
648,OUTLAW HANKY,7,3,1.33
921,UNCUT SUICIDES,7,3,1.33
940,VICTORY ACADEMY,6,3,1.33
676,PHILADELPHIA WIFE,7,7,1.29
27,ANONYMOUS HUMAN,7,4,1.25
80,BLANKET BEVERLY,7,4,1.25
373,GRADUATE LORD,7,4,1.25
380,GREEK EVERYONE,7,4,1.25
410,HEAVEN FREEDOM,7,4,1.25
451,IGBY MAKER,7,4,1.25
540,LUCKY FLYING,7,4,1.25
726,RESERVOIR ADAPTATION,7,4,1.25
961,WASH HEAVENLY,7,4,1.25
962,WASTELAND DIVINE,7,4,1.25
150,CIDER DESIRE,7,5,1.20
668,PEAK FOREVER,7,5,1.20
727,RESURRECTION SILVERADO,6,5,1.20
911,TRIP NEWTON,7,5,1.20
394,HAMLET WISDOM,7,6,1.17
638,OPERATION OPERATION,7,6,1.17
32,APOCALYPSE FLAMINGOS,6,1,1.00
53,BANG KWAI,5,2,1.00
63,BEDAZZLED MARRIED,6,4,1.00
157,CLOCKWORK PARADISE,7,2,1.00
196,CRUELTY UNFORGIVEN,7,1,1.00
208,DARES PLUTO,7,3,1.00
230,DIARY PANIC,7,1,1.00
248,DOZEN LION,6,2,1.00
335,FREEDOM CLEOPATRA,5,1,1.00
355,GHOSTBUSTERS ELF,7,3,1.00
423,HOLLYWOOD ANONYMOUS,7,1,1.00
435,HOTEL HAPPINESS,6,2,1.00
469,IRON MOON,7,1,1.00
523,LIGHTS DEER,7,2,1.00
526,LOCK REAR,7,3,1.00
539,LUCK OPUS,7,1,1.00
565,MATRIX SNOWMAN,6,1,1.00
569,MENAGERIE RUSHMORE,7,1,1.00
605,MULHOLLAND BEAST,7,1,1.00
610,MUSIC BOONDOCK,7,4,1.00
612,MUSSOLINI SPOILERS,6,1,1.00
639,OPPOSITE NECKLACE,7,2,1.00
685,PLATOON INSTINCT,6,1,1.00
709,RACER EGG,7,4,1.00
719,RECORDS ZORRO,7,1,1.00
754,RUSHMORE MERMAID,6,1,1.00
756,SADDLE ANTITRUST,7,1,1.00
761,SANTA PARIS,7,1,1.00
795,SIEGE MADRE,7,3,1.00
797,SILENCE KANE,7,1,1.00
812,SMOKING BARBARELLA,7,2,1.00
829,SPINAL ROCKY,7,1,1.00
830,SPIRIT FLINTSTONES,7,1,1.00
839,STALLION SUNDANCE,5,2,1.00
937,VARSITY TRIP,7,1,1.00
983,WON DARES,7,2,1.00
993,WRONG BEHAVIOR,6,3,1.00
